reviewer_alias,review_id,slot_id,task_id,base_family,axis,split,profile,category,label,source_lines,event_indices,request_ids
Reviewer2,R-011C709E7D75F0,P-PX03_C3_EXCHANGE-ATTRIBUTE_COMBINATION-SEEN-glm5,PX03_C3_EXCHANGE-ATTRIBUTE_COMBINATION-SEEN,C3_EXCHANGE,ATTRIBUTE_COMBINATION,SEEN,glm5,F,NA,[1],"[0, 1, 9]","[1, 6]"
Reviewer2,R-047457C8A64D75,P-PX07_C7_ATTR_FLAT-ATTRIBUTE_COMBINATION-HELDOUT-glm47,PX07_C7_ATTR_FLAT-ATTRIBUTE_COMBINATION-HELDOUT,C7_ATTR_FLAT,ATTRIBUTE_COMBINATION,HELDOUT,glm47,F,V,"[147, 148]","[58, 59, 60, 61]","[32, 33]"
Reviewer2,R-09AF1B12F301F8,P-PX10_D2_EVENT-CONTROL_FLOW-HELDOUT-glm5,PX10_D2_EVENT-CONTROL_FLOW-HELDOUT,D2_EVENT,CONTROL_FLOW,HELDOUT,glm5,F,U,[6],[0],"[1, 22]"
Reviewer2,R-0D302E94032548,P-PX01_C1_BUFFER-CONTROL_FLOW-SEEN-glm5,PX01_C1_BUFFER-CONTROL_FLOW-SEEN,C1_BUFFER,CONTROL_FLOW,SEEN,glm5,F,NA,[5],[0],"[1, 15]"
Reviewer2,R-10B290A19DB057,P-PX13_D5_FRESHNESS-CONTROL_FLOW-HELDOUT-glm47,PX13_D5_FRESHNESS-CONTROL_FLOW-HELDOUT,D5_FRESHNESS,CONTROL_FLOW,HELDOUT,glm47,F,U,[4],[0],"[1, 4]"
Reviewer2,R-12380C0A2969E6,P-PX09_D1_OBSERVATION-CONTROL_FLOW-SEEN-glm5,PX09_D1_OBSERVATION-CONTROL_FLOW-SEEN,D1_OBSERVATION,CONTROL_FLOW,SEEN,glm5,F,V,[],"[28, 29]",[15]
Reviewer2,R-1361187D0C07C0,P-PX16_D8_ALLOCATION-CONTROL_FLOW-SEEN-glm5,PX16_D8_ALLOCATION-CONTROL_FLOW-SEEN,D8_ALLOCATION,CONTROL_FLOW,SEEN,glm5,F,V,[],"[5, 6]",[4]
Reviewer2,R-153553AE7703E8,P-PX16_D8_ALLOCATION-CONTROL_FLOW-HELDOUT-glm5,PX16_D8_ALLOCATION-CONTROL_FLOW-HELDOUT,D8_ALLOCATION,CONTROL_FLOW,HELDOUT,glm5,F,U,[42],"[0, 1, 9]","[1, 6]"
Reviewer2,R-1776D1F34FF524,P-PX14_D6_RESOURCE_SPAN-CONTROL_FLOW-HELDOUT-glm47,PX14_D6_RESOURCE_SPAN-CONTROL_FLOW-HELDOUT,D6_RESOURCE_SPAN,CONTROL_FLOW,HELDOUT,glm47,F,C,"[48, 50, 65]","[1, 2]",[2]
Reviewer2,R-1879E6DAA8A763,P-PX14_D6_RESOURCE_SPAN-ATTRIBUTE_COMBINATION-HELDOUT-glm47,PX14_D6_RESOURCE_SPAN-ATTRIBUTE_COMBINATION-HELDOUT,D6_RESOURCE_SPAN,ATTRIBUTE_COMBINATION,HELDOUT,glm47,F,NA,[4],"[0, 1, 44, 45]","[1, 24]"
Reviewer2,R-19CB6163752DA5,P-PX04_C4_ALLOCATION-CONTROL_FLOW-SEEN-glm5,PX04_C4_ALLOCATION-CONTROL_FLOW-SEEN,C4_ALLOCATION,CONTROL_FLOW,SEEN,glm5,F,V,"[40, 41, 43]","[9, 10]",[6]
Reviewer2,R-1A956DDD78F53C,P-PX11_D3_ATTR_FLAT-ATTRIBUTE_COMBINATION-SEEN-glm5,PX11_D3_ATTR_FLAT-ATTRIBUTE_COMBINATION-SEEN,D3_ATTR_FLAT,ATTRIBUTE_COMBINATION,SEEN,glm5,F,V,"[57, 58]","[48, 49, 50, 51]","[27, 28]"
Reviewer2,R-1B231F4F7148EE,P-PX07_C7_ATTR_FLAT-ATTRIBUTE_COMBINATION-HELDOUT-glm5,PX07_C7_ATTR_FLAT-ATTRIBUTE_COMBINATION-HELDOUT,C7_ATTR_FLAT,ATTRIBUTE_COMBINATION,HELDOUT,glm5,F,U,[4],"[0, 1, 26, 27]","[1, 16]"
Reviewer2,R-20A0397BE3EC92,P-PX05_C5_INDEPENDENT-CONTROL_FLOW-SEEN-glm5,PX05_C5_INDEPENDENT-CONTROL_FLOW-SEEN,C5_INDEPENDENT,CONTROL_FLOW,SEEN,glm5,F,NA,[1],"[0, 23]","[1, 13]"
Reviewer2,R-219DC6B16874DC,P-PX16_D8_ALLOCATION-CONTROL_FLOW-SEEN-glm47,PX16_D8_ALLOCATION-CONTROL_FLOW-SEEN,D8_ALLOCATION,CONTROL_FLOW,SEEN,glm47,F,C,"[24, 46, 57]","[0, 1, 2, 3, 9, 10]","[1, 2, 6]"
Reviewer2,R-227FA888034B65,P-PX15_D7_BUFFER_PREFETCH-CONTROL_FLOW-SEEN-glm47,PX15_D7_BUFFER_PREFETCH-CONTROL_FLOW-SEEN,D7_BUFFER_PREFETCH,CONTROL_FLOW,SEEN,glm47,F,NA,[4],[0],"[1, 17]"
Reviewer2,R-23BB4FA1BB39BA,P-PX14_D6_RESOURCE_SPAN-ATTRIBUTE_COMBINATION-SEEN-glm5,PX14_D6_RESOURCE_SPAN-ATTRIBUTE_COMBINATION-SEEN,D6_RESOURCE_SPAN,ATTRIBUTE_COMBINATION,SEEN,glm5,F,NA,[44],"[0, 1, 47]","[1, 25]"
Reviewer2,R-24AAF24987087A,P-PX05_C5_INDEPENDENT-ATTRIBUTE_COMBINATION-HELDOUT-glm47,PX05_C5_INDEPENDENT-ATTRIBUTE_COMBINATION-HELDOUT,C5_INDEPENDENT,ATTRIBUTE_COMBINATION,HELDOUT,glm47,F,NA,[4],"[0, 1, 26, 27]","[1, 15]"
Reviewer2,R-25ACF5E1D0C792,P-PX16_D8_ALLOCATION-ATTRIBUTE_COMBINATION-SEEN-glm47,PX16_D8_ALLOCATION-ATTRIBUTE_COMBINATION-SEEN,D8_ALLOCATION,ATTRIBUTE_COMBINATION,SEEN,glm47,F,C,"[29, 71, 93]","[7, 8, 9, 10, 13, 14]","[5, 6, 8]"
Reviewer2,R-29BBE280370E68,P-PX03_C3_EXCHANGE-CONTROL_FLOW-SEEN-glm47,PX03_C3_EXCHANGE-CONTROL_FLOW-SEEN,C3_EXCHANGE,CONTROL_FLOW,SEEN,glm47,F,NA,[4],"[0, 14]","[1, 9]"
Reviewer2,R-2D2632E5086D62,P-PX15_D7_BUFFER_PREFETCH-ATTRIBUTE_COMBINATION-SEEN-glm5,PX15_D7_BUFFER_PREFETCH-ATTRIBUTE_COMBINATION-SEEN,D7_BUFFER_PREFETCH,ATTRIBUTE_COMBINATION,SEEN,glm5,F,NA,[136],"[0, 1, 22, 23]","[1, 13]"
Reviewer2,R-2D839235C7A621,P-PX13_D5_FRESHNESS-ATTRIBUTE_COMBINATION-HELDOUT-glm5,PX13_D5_FRESHNESS-ATTRIBUTE_COMBINATION-HELDOUT,D5_FRESHNESS,ATTRIBUTE_COMBINATION,HELDOUT,glm5,F,V,[],"[8, 9]",[5]
Reviewer2,R-306FD619901BA2,P-PX01_C1_BUFFER-ATTRIBUTE_COMBINATION-SEEN-glm5,PX01_C1_BUFFER-ATTRIBUTE_COMBINATION-SEEN,C1_BUFFER,ATTRIBUTE_COMBINATION,SEEN,glm5,F,NA,[5],"[0, 1]","[1, 26]"
Reviewer2,R-339F4F1E7A54FA,P-PX05_C5_INDEPENDENT-ATTRIBUTE_COMBINATION-SEEN-glm47,PX05_C5_INDEPENDENT-ATTRIBUTE_COMBINATION-SEEN,C5_INDEPENDENT,ATTRIBUTE_COMBINATION,SEEN,glm47,F,NA,[4],"[0, 1, 27]","[1, 15]"
Reviewer2,R-374AB1B525E3EE,P-PX01_C1_BUFFER-ATTRIBUTE_COMBINATION-SEEN-glm47,PX01_C1_BUFFER-ATTRIBUTE_COMBINATION-SEEN,C1_BUFFER,ATTRIBUTE_COMBINATION,SEEN,glm47,F,NA,[4],"[0, 1]","[1, 19]"
Reviewer2,R-3C666923B257EC,P-PX06_C6_VERIFY_JOIN-CONTROL_FLOW-HELDOUT-glm47,PX06_C6_VERIFY_JOIN-CONTROL_FLOW-HELDOUT,C6_VERIFY_JOIN,CONTROL_FLOW,HELDOUT,glm47,F,U,[4],[0],[1]
Reviewer2,R-3D99DAE1FE6A8C,P-PX10_D2_EVENT-CONTROL_FLOW-SEEN-glm5,PX10_D2_EVENT-CONTROL_FLOW-SEEN,D2_EVENT,CONTROL_FLOW,SEEN,glm5,F,NA,[3],[0],"[1, 17]"
Reviewer2,R-3F300B5C1A34B5,P-PX13_D5_FRESHNESS-ATTRIBUTE_COMBINATION-SEEN-glm5,PX13_D5_FRESHNESS-ATTRIBUTE_COMBINATION-SEEN,D5_FRESHNESS,ATTRIBUTE_COMBINATION,SEEN,glm5,F,V,[],"[9, 10]",[6]
Reviewer2,R-4027CA4BE35B40,P-PX11_D3_ATTR_FLAT-ATTRIBUTE_COMBINATION-SEEN-glm47,PX11_D3_ATTR_FLAT-ATTRIBUTE_COMBINATION-SEEN,D3_ATTR_FLAT,ATTRIBUTE_COMBINATION,SEEN,glm47,F,U,[4],"[0, 1, 40, 41]","[1, 23]"
Reviewer2,R-43550E21728B09,P-PX02_C2_DUAL_RESOURCE-CONTROL_FLOW-HELDOUT-glm47,PX02_C2_DUAL_RESOURCE-CONTROL_FLOW-HELDOUT,C2_DUAL_RESOURCE,CONTROL_FLOW,HELDOUT,glm47,F,U,[4],"[0, 17, 18]","[1, 11]"
Reviewer2,R-45BAE0F336C90A,P-PX06_C6_VERIFY_JOIN-CONTROL_FLOW-HELDOUT-glm5,PX06_C6_VERIFY_JOIN-CONTROL_FLOW-HELDOUT,C6_VERIFY_JOIN,CONTROL_FLOW,HELDOUT,glm5,F,V,[],"[1, 13, 14]","[2, 9]"
Reviewer2,R-4F0790CE973F7B,P-PX15_D7_BUFFER_PREFETCH-CONTROL_FLOW-SEEN-glm5,PX15_D7_BUFFER_PREFETCH-CONTROL_FLOW-SEEN,D7_BUFFER_PREFETCH,CONTROL_FLOW,SEEN,glm5,F,NA,[5],"[0, 22]","[1, 13]"
Reviewer2,R-51142B9A9023AC,P-PX12_D4_ATTR_NESTED-ATTRIBUTE_COMBINATION-SEEN-glm47,PX12_D4_ATTR_NESTED-ATTRIBUTE_COMBINATION-SEEN,D4_ATTR_NESTED,ATTRIBUTE_COMBINATION,SEEN,glm47,F,U,[4],"[0, 1]","[1, 13]"
Reviewer2,R-52EEDE1A86A953,P-PX03_C3_EXCHANGE-CONTROL_FLOW-HELDOUT-glm47,PX03_C3_EXCHANGE-CONTROL_FLOW-HELDOUT,C3_EXCHANGE,CONTROL_FLOW,HELDOUT,glm47,F,U,[4],"[0, 14]","[1, 9]"
Reviewer2,R-59CCA91E3E28C8,P-PX10_D2_EVENT-ATTRIBUTE_COMBINATION-HELDOUT-glm5,PX10_D2_EVENT-ATTRIBUTE_COMBINATION-HELDOUT,D2_EVENT,ATTRIBUTE_COMBINATION,HELDOUT,glm5,F,NA,[5],"[0, 1, 41, 42]","[1, 25]"
Reviewer2,R-59E50E241A181B,P-PX03_C3_EXCHANGE-CONTROL_FLOW-HELDOUT-glm5,PX03_C3_EXCHANGE-CONTROL_FLOW-HELDOUT,C3_EXCHANGE,CONTROL_FLOW,HELDOUT,glm5,F,U,[86],[0],"[1, 14]"
Reviewer2,R-5B3E8A790BE6BD,P-PX02_C2_DUAL_RESOURCE-CONTROL_FLOW-SEEN-glm5,PX02_C2_DUAL_RESOURCE-CONTROL_FLOW-SEEN,C2_DUAL_RESOURCE,CONTROL_FLOW,SEEN,glm5,F,NA,[6],"[0, 39]","[1, 21]"
Reviewer2,R-5BAC4D35A03EE5,P-PX02_C2_DUAL_RESOURCE-CONTROL_FLOW-HELDOUT-glm5,PX02_C2_DUAL_RESOURCE-CONTROL_FLOW-HELDOUT,C2_DUAL_RESOURCE,CONTROL_FLOW,HELDOUT,glm5,F,U,[48],[0],[1]
Reviewer2,R-5C5606CD63FAEF,P-PX07_C7_ATTR_FLAT-CONTROL_FLOW-HELDOUT-glm47,PX07_C7_ATTR_FLAT-CONTROL_FLOW-HELDOUT,C7_ATTR_FLAT,CONTROL_FLOW,HELDOUT,glm47,F,V,"[86, 87]","[43, 44, 45, 46]","[24, 25]"
Reviewer2,R-62658A64F4C874,P-PX02_C2_DUAL_RESOURCE-ATTRIBUTE_COMBINATION-SEEN-glm5,PX02_C2_DUAL_RESOURCE-ATTRIBUTE_COMBINATION-SEEN,C2_DUAL_RESOURCE,ATTRIBUTE_COMBINATION,SEEN,glm5,F,NA,[109],"[0, 1, 43]","[1, 23]"
Reviewer2,R-636174F3D43738,P-PX09_D1_OBSERVATION-CONTROL_FLOW-SEEN-glm47,PX09_D1_OBSERVATION-CONTROL_FLOW-SEEN,D1_OBSERVATION,CONTROL_FLOW,SEEN,glm47,F,U,[17],[0],"[1, 9]"
Reviewer2,R-65D08C932920B2,P-PX16_D8_ALLOCATION-ATTRIBUTE_COMBINATION-HELDOUT-glm47,PX16_D8_ALLOCATION-ATTRIBUTE_COMBINATION-HELDOUT,D8_ALLOCATION,ATTRIBUTE_COMBINATION,HELDOUT,glm47,F,C,"[43, 46, 62, 81]","[5, 6, 7, 8, 11, 12]","[4, 5, 7]"
Reviewer2,R-65F28892B326CF,P-PX16_D8_ALLOCATION-CONTROL_FLOW-HELDOUT-glm47,PX16_D8_ALLOCATION-CONTROL_FLOW-HELDOUT,D8_ALLOCATION,CONTROL_FLOW,HELDOUT,glm47,F,C,"[10, 13, 43, 60]","[0, 1, 2, 3, 9, 10]","[1, 2, 6]"
Reviewer2,R-68954989C8FBE6,P-PX15_D7_BUFFER_PREFETCH-ATTRIBUTE_COMBINATION-SEEN-glm47,PX15_D7_BUFFER_PREFETCH-ATTRIBUTE_COMBINATION-SEEN,D7_BUFFER_PREFETCH,ATTRIBUTE_COMBINATION,SEEN,glm47,F,NA,[4],"[0, 1]","[1, 18]"
Reviewer2,R-6E7A56E4005956,P-PX09_D1_OBSERVATION-ATTRIBUTE_COMBINATION-HELDOUT-glm5,PX09_D1_OBSERVATION-ATTRIBUTE_COMBINATION-HELDOUT,D1_OBSERVATION,ATTRIBUTE_COMBINATION,HELDOUT,glm5,F,U,[7],"[0, 1, 10, 11]","[1, 7]"
Reviewer2,R-6ECCE3DC4B2164,P-PX01_C1_BUFFER-CONTROL_FLOW-HELDOUT-glm5,PX01_C1_BUFFER-CONTROL_FLOW-HELDOUT,C1_BUFFER,CONTROL_FLOW,HELDOUT,glm5,F,U,[85],"[0, 20, 21]","[1, 12]"
Reviewer2,R-6F8346273A91F7,P-PX10_D2_EVENT-ATTRIBUTE_COMBINATION-HELDOUT-glm47,PX10_D2_EVENT-ATTRIBUTE_COMBINATION-HELDOUT,D2_EVENT,ATTRIBUTE_COMBINATION,HELDOUT,glm47,F,NA,[4],"[0, 1, 58, 59]","[1, 32]"
Reviewer2,R-70B5C075DBB090,P-PX07_C7_ATTR_FLAT-CONTROL_FLOW-SEEN-glm47,PX07_C7_ATTR_FLAT-CONTROL_FLOW-SEEN,C7_ATTR_FLAT,CONTROL_FLOW,SEEN,glm47,F,V,"[94, 95]","[50, 51, 52, 53]","[28, 29]"
Reviewer2,R-72748B32B8A71D,P-PX04_C4_ALLOCATION-ATTRIBUTE_COMBINATION-HELDOUT-glm47,PX04_C4_ALLOCATION-ATTRIBUTE_COMBINATION-HELDOUT,C4_ALLOCATION,ATTRIBUTE_COMBINATION,HELDOUT,glm47,F,C,"[30, 32, 47, 70]","[5, 6, 7, 8, 11, 12]","[4, 5, 7]"
Reviewer2,R-75C1B199D8F4D0,P-PX03_C3_EXCHANGE-CONTROL_FLOW-SEEN-glm5,PX03_C3_EXCHANGE-CONTROL_FLOW-SEEN,C3_EXCHANGE,CONTROL_FLOW,SEEN,glm5,F,NA,[1],[0],"[1, 20]"
Reviewer2,R-77303BACED085E,P-PX09_D1_OBSERVATION-ATTRIBUTE_COMBINATION-SEEN-glm5,PX09_D1_OBSERVATION-ATTRIBUTE_COMBINATION-SEEN,D1_OBSERVATION,ATTRIBUTE_COMBINATION,SEEN,glm5,F,U,[6],"[0, 1, 24]","[1, 13]"
Reviewer2,R-791C851513924F,P-PX12_D4_ATTR_NESTED-ATTRIBUTE_COMBINATION-HELDOUT-glm5,PX12_D4_ATTR_NESTED-ATTRIBUTE_COMBINATION-HELDOUT,D4_ATTR_NESTED,ATTRIBUTE_COMBINATION,HELDOUT,glm5,F,U,[144],"[0, 1, 72, 73]","[1, 40]"
Reviewer2,R-796119EFC7BBC0,P-PX06_C6_VERIFY_JOIN-ATTRIBUTE_COMBINATION-HELDOUT-glm47,PX06_C6_VERIFY_JOIN-ATTRIBUTE_COMBINATION-HELDOUT,C6_VERIFY_JOIN,ATTRIBUTE_COMBINATION,HELDOUT,glm47,F,V,[],"[9, 10]",[6]
Reviewer2,R-7AFE4B8BD6BF46,P-PX07_C7_ATTR_FLAT-ATTRIBUTE_COMBINATION-SEEN-glm5,PX07_C7_ATTR_FLAT-ATTRIBUTE_COMBINATION-SEEN,C7_ATTR_FLAT,ATTRIBUTE_COMBINATION,SEEN,glm5,F,U,[6],"[0, 1, 45]","[1, 25]"
Reviewer2,R-7B0E1BDBD5C1FA,P-PX08_C8_ATTR_NESTED-ATTRIBUTE_COMBINATION-SEEN-glm5,PX08_C8_ATTR_NESTED-ATTRIBUTE_COMBINATION-SEEN,C8_ATTR_NESTED,ATTRIBUTE_COMBINATION,SEEN,glm5,F,V,[24],"[52, 53, 54, 55]","[29, 30]"
Reviewer2,R-7C37A1ECCA9B3F,P-PX04_C4_ALLOCATION-CONTROL_FLOW-HELDOUT-glm5,PX04_C4_ALLOCATION-CONTROL_FLOW-HELDOUT,C4_ALLOCATION,CONTROL_FLOW,HELDOUT,glm5,F,C,"[9, 26]","[3, 4, 8, 9, 16, 17]","[3, 5, 9]"
Reviewer2,R-7D35EDBC6F6B92,P-PX14_D6_RESOURCE_SPAN-ATTRIBUTE_COMBINATION-HELDOUT-glm5,PX14_D6_RESOURCE_SPAN-ATTRIBUTE_COMBINATION-HELDOUT,D6_RESOURCE_SPAN,ATTRIBUTE_COMBINATION,HELDOUT,glm5,F,NA,[61],"[0, 1, 42, 43]","[1, 23]"
Reviewer2,R-7EAD9DD48E1FC1,P-PX15_D7_BUFFER_PREFETCH-CONTROL_FLOW-HELDOUT-glm47,PX15_D7_BUFFER_PREFETCH-CONTROL_FLOW-HELDOUT,D7_BUFFER_PREFETCH,CONTROL_FLOW,HELDOUT,glm47,F,U,[28],[0],"[1, 19]"
Reviewer2,R-849C26D9FC7C76,P-PX10_D2_EVENT-ATTRIBUTE_COMBINATION-SEEN-glm47,PX10_D2_EVENT-ATTRIBUTE_COMBINATION-SEEN,D2_EVENT,ATTRIBUTE_COMBINATION,SEEN,glm47,F,NA,[4],"[0, 1, 61]","[1, 33]"
Reviewer2,R-86E39E42AE90E0,P-PX02_C2_DUAL_RESOURCE-ATTRIBUTE_COMBINATION-SEEN-glm47,PX02_C2_DUAL_RESOURCE-ATTRIBUTE_COMBINATION-SEEN,C2_DUAL_RESOURCE,ATTRIBUTE_COMBINATION,SEEN,glm47,F,NA,[4],"[0, 1, 53]","[1, 28]"
Reviewer2,R-88807C3D0AB033,P-PX06_C6_VERIFY_JOIN-CONTROL_FLOW-SEEN-glm47,PX06_C6_VERIFY_JOIN-CONTROL_FLOW-SEEN,C6_VERIFY_JOIN,CONTROL_FLOW,SEEN,glm47,F,U,[4],"[0, 5]","[1, 4]"
Reviewer2,R-8888256C421438,P-PX01_C1_BUFFER-ATTRIBUTE_COMBINATION-HELDOUT-glm47,PX01_C1_BUFFER-ATTRIBUTE_COMBINATION-HELDOUT,C1_BUFFER,ATTRIBUTE_COMBINATION,HELDOUT,glm47,F,NA,[4],"[0, 1]","[1, 20]"
Reviewer2,R-8CFA9A5F764B04,P-PX12_D4_ATTR_NESTED-ATTRIBUTE_COMBINATION-HELDOUT-glm47,PX12_D4_ATTR_NESTED-ATTRIBUTE_COMBINATION-HELDOUT,D4_ATTR_NESTED,ATTRIBUTE_COMBINATION,HELDOUT,glm47,F,U,[4],"[0, 1, 40, 41]","[1, 25]"
Reviewer2,R-8DDA4E4A3D1C96,P-PX07_C7_ATTR_FLAT-CONTROL_FLOW-HELDOUT-glm5,PX07_C7_ATTR_FLAT-CONTROL_FLOW-HELDOUT,C7_ATTR_FLAT,CONTROL_FLOW,HELDOUT,glm5,F,U,[80],[0],"[1, 21]"
Reviewer2,R-8F9FA6D6183FAD,P-PX03_C3_EXCHANGE-ATTRIBUTE_COMBINATION-HELDOUT-glm47,PX03_C3_EXCHANGE-ATTRIBUTE_COMBINATION-HELDOUT,C3_EXCHANGE,ATTRIBUTE_COMBINATION,HELDOUT,glm47,F,NA,[4],"[0, 1]","[1, 19]"
Reviewer2,R-908DEB6CDD3D7F,P-PX06_C6_VERIFY_JOIN-ATTRIBUTE_COMBINATION-SEEN-glm5,PX06_C6_VERIFY_JOIN-ATTRIBUTE_COMBINATION-SEEN,C6_VERIFY_JOIN,ATTRIBUTE_COMBINATION,SEEN,glm5,F,V,[],"[11, 12]",[7]
Reviewer2,R-920101F35AFC28,P-PX14_D6_RESOURCE_SPAN-CONTROL_FLOW-HELDOUT-glm5,PX14_D6_RESOURCE_SPAN-CONTROL_FLOW-HELDOUT,D6_RESOURCE_SPAN,CONTROL_FLOW,HELDOUT,glm5,F,C,"[27, 31, 36, 45, 62]","[1, 2]",[2]
Reviewer2,R-930B8CD58D7FCC,P-PX15_D7_BUFFER_PREFETCH-ATTRIBUTE_COMBINATION-HELDOUT-glm47,PX15_D7_BUFFER_PREFETCH-ATTRIBUTE_COMBINATION-HELDOUT,D7_BUFFER_PREFETCH,ATTRIBUTE_COMBINATION,HELDOUT,glm47,F,NA,[4],"[0, 2]","[1, 20]"
Reviewer2,R-97E90216DE6828,P-PX06_C6_VERIFY_JOIN-ATTRIBUTE_COMBINATION-HELDOUT-glm5,PX06_C6_VERIFY_JOIN-ATTRIBUTE_COMBINATION-HELDOUT,C6_VERIFY_JOIN,ATTRIBUTE_COMBINATION,HELDOUT,glm5,F,U,[27],"[0, 1, 4, 5]","[1, 4]"
Reviewer2,R-9DA03E3DE53CAD,P-PX11_D3_ATTR_FLAT-CONTROL_FLOW-HELDOUT-glm5,PX11_D3_ATTR_FLAT-CONTROL_FLOW-HELDOUT,D3_ATTR_FLAT,CONTROL_FLOW,HELDOUT,glm5,F,U,[5],"[0, 1, 19, 20]","[1, 12]"
Reviewer2,R-9E4021ACFE6E1C,P-PX11_D3_ATTR_FLAT-ATTRIBUTE_COMBINATION-HELDOUT-glm5,PX11_D3_ATTR_FLAT-ATTRIBUTE_COMBINATION-HELDOUT,D3_ATTR_FLAT,ATTRIBUTE_COMBINATION,HELDOUT,glm5,F,U,[4],"[0, 1]","[1, 7]"
Reviewer2,R-A0B8FBC3F52524,P-PX13_D5_FRESHNESS-CONTROL_FLOW-SEEN-glm47,PX13_D5_FRESHNESS-CONTROL_FLOW-SEEN,D5_FRESHNESS,CONTROL_FLOW,SEEN,glm47,F,V,[],"[5, 6]",[4]
Reviewer2,R-A1BBAB516561F2,P-PX04_C4_ALLOCATION-ATTRIBUTE_COMBINATION-HELDOUT-glm5,PX04_C4_ALLOCATION-ATTRIBUTE_COMBINATION-HELDOUT,C4_ALLOCATION,ATTRIBUTE_COMBINATION,HELDOUT,glm5,F,U,[6],"[0, 1, 13, 14]","[1, 9]"
Reviewer2,R-A26B13903F163B,P-PX03_C3_EXCHANGE-ATTRIBUTE_COMBINATION-SEEN-glm47,PX03_C3_EXCHANGE-ATTRIBUTE_COMBINATION-SEEN,C3_EXCHANGE,ATTRIBUTE_COMBINATION,SEEN,glm47,F,NA,[4],"[0, 1, 61]","[1, 33]"
Reviewer2,R-A5711E945476A2,P-PX07_C7_ATTR_FLAT-ATTRIBUTE_COMBINATION-SEEN-glm47,PX07_C7_ATTR_FLAT-ATTRIBUTE_COMBINATION-SEEN,C7_ATTR_FLAT,ATTRIBUTE_COMBINATION,SEEN,glm47,F,U,[4],"[0, 1]","[1, 19]"
Reviewer2,R-A851A16E713727,P-PX05_C5_INDEPENDENT-CONTROL_FLOW-HELDOUT-glm47,PX05_C5_INDEPENDENT-CONTROL_FLOW-HELDOUT,C5_INDEPENDENT,CONTROL_FLOW,HELDOUT,glm47,F,C,[53],"[1, 2]",[2]
Reviewer2,R-A8CDC3250A0B79,P-PX08_C8_ATTR_NESTED-ATTRIBUTE_COMBINATION-HELDOUT-glm47,PX08_C8_ATTR_NESTED-ATTRIBUTE_COMBINATION-HELDOUT,C8_ATTR_NESTED,ATTRIBUTE_COMBINATION,HELDOUT,glm47,F,U,[4],"[0, 1]","[1, 20]"
Reviewer2,R-A8DD3C0CE303A6,P-PX05_C5_INDEPENDENT-CONTROL_FLOW-SEEN-glm47,PX05_C5_INDEPENDENT-CONTROL_FLOW-SEEN,C5_INDEPENDENT,CONTROL_FLOW,SEEN,glm47,F,NA,[4],"[0, 23]","[1, 13]"
Reviewer2,R-AC939557B09827,P-PX01_C1_BUFFER-CONTROL_FLOW-SEEN-glm47,PX01_C1_BUFFER-CONTROL_FLOW-SEEN,C1_BUFFER,CONTROL_FLOW,SEEN,glm47,F,NA,[4],[0],"[1, 18]"
Reviewer2,R-AD169A0283CD61,P-PX16_D8_ALLOCATION-ATTRIBUTE_COMBINATION-HELDOUT-glm5,PX16_D8_ALLOCATION-ATTRIBUTE_COMBINATION-HELDOUT,D8_ALLOCATION,ATTRIBUTE_COMBINATION,HELDOUT,glm5,F,V,[],"[19, 21]",[11]
Reviewer2,R-AE2297ABE8024F,P-PX06_C6_VERIFY_JOIN-CONTROL_FLOW-SEEN-glm5,PX06_C6_VERIFY_JOIN-CONTROL_FLOW-SEEN,C6_VERIFY_JOIN,CONTROL_FLOW,SEEN,glm5,F,V,[],"[13, 14]",[9]
Reviewer2,R-AFCEA98177D191,P-PX05_C5_INDEPENDENT-ATTRIBUTE_COMBINATION-HELDOUT-glm5,PX05_C5_INDEPENDENT-ATTRIBUTE_COMBINATION-HELDOUT,C5_INDEPENDENT,ATTRIBUTE_COMBINATION,HELDOUT,glm5,F,NA,[1],"[0, 1]","[1, 6]"
Reviewer2,R-AFD42CFA1CF000,P-PX05_C5_INDEPENDENT-CONTROL_FLOW-HELDOUT-glm5,PX05_C5_INDEPENDENT-CONTROL_FLOW-HELDOUT,C5_INDEPENDENT,CONTROL_FLOW,HELDOUT,glm5,F,V,"[20, 21, 24]",[],[]
Reviewer2,R-B11282027715B7,P-PX03_C3_EXCHANGE-ATTRIBUTE_COMBINATION-HELDOUT-glm5,PX03_C3_EXCHANGE-ATTRIBUTE_COMBINATION-HELDOUT,C3_EXCHANGE,ATTRIBUTE_COMBINATION,HELDOUT,glm5,F,NA,[6],"[0, 1, 35, 36]","[1, 21]"
Reviewer2,R-B3EC6F49DB9091,P-PX04_C4_ALLOCATION-CONTROL_FLOW-SEEN-glm47,PX04_C4_ALLOCATION-CONTROL_FLOW-SEEN,C4_ALLOCATION,CONTROL_FLOW,SEEN,glm47,F,C,"[8, 9, 43, 64]","[0, 1, 2, 3, 9, 10]","[1, 2, 6]"
Reviewer2,R-B3EF5B43C08616,P-PX14_D6_RESOURCE_SPAN-CONTROL_FLOW-SEEN-glm5,PX14_D6_RESOURCE_SPAN-CONTROL_FLOW-SEEN,D6_RESOURCE_SPAN,CONTROL_FLOW,SEEN,glm5,F,NA,[1],"[0, 27]","[1, 15]"
Reviewer2,R-B44759ACEBE5A4,P-PX09_D1_OBSERVATION-ATTRIBUTE_COMBINATION-SEEN-glm47,PX09_D1_OBSERVATION-ATTRIBUTE_COMBINATION-SEEN,D1_OBSERVATION,ATTRIBUTE_COMBINATION,SEEN,glm47,F,V,"[70, 75, 76, 106, 114, 115, 118]",[],[]
Reviewer2,R-B95E61D52320B4,P-PX11_D3_ATTR_FLAT-CONTROL_FLOW-SEEN-glm5,PX11_D3_ATTR_FLAT-CONTROL_FLOW-SEEN,D3_ATTR_FLAT,CONTROL_FLOW,SEEN,glm5,F,V,[],"[43, 44]",[24]
Reviewer2,R-BA5BE44D41CADD,P-PX12_D4_ATTR_NESTED-ATTRIBUTE_COMBINATION-SEEN-glm5,PX12_D4_ATTR_NESTED-ATTRIBUTE_COMBINATION-SEEN,D4_ATTR_NESTED,ATTRIBUTE_COMBINATION,SEEN,glm5,F,U,[7],"[0, 1, 3]","[1, 3]"
Reviewer2,R-BBEF9C416DA76F,P-PX10_D2_EVENT-CONTROL_FLOW-HELDOUT-glm47,PX10_D2_EVENT-CONTROL_FLOW-HELDOUT,D2_EVENT,CONTROL_FLOW,HELDOUT,glm47,F,U,[4],[0],"[1, 24]"
Reviewer2,R-BC4D0134D95A90,P-PX13_D5_FRESHNESS-ATTRIBUTE_COMBINATION-HELDOUT-glm47,PX13_D5_FRESHNESS-ATTRIBUTE_COMBINATION-HELDOUT,D5_FRESHNESS,ATTRIBUTE_COMBINATION,HELDOUT,glm47,F,U,[4],"[0, 1]","[1, 5]"
Reviewer2,R-C1F5ADE597E6C1,P-PX13_D5_FRESHNESS-ATTRIBUTE_COMBINATION-SEEN-glm47,PX13_D5_FRESHNESS-ATTRIBUTE_COMBINATION-SEEN,D5_FRESHNESS,ATTRIBUTE_COMBINATION,SEEN,glm47,F,U,[4],"[0, 1]","[1, 6]"
Reviewer2,R-C26B98486AEFEF,P-PX05_C5_INDEPENDENT-ATTRIBUTE_COMBINATION-SEEN-glm5,PX05_C5_INDEPENDENT-ATTRIBUTE_COMBINATION-SEEN,C5_INDEPENDENT,ATTRIBUTE_COMBINATION,SEEN,glm5,F,NA,[21],"[0, 1, 27]","[1, 15]"
Reviewer2,R-C4F2F5E06EB996,P-PX08_C8_ATTR_NESTED-ATTRIBUTE_COMBINATION-SEEN-glm47,PX08_C8_ATTR_NESTED-ATTRIBUTE_COMBINATION-SEEN,C8_ATTR_NESTED,ATTRIBUTE_COMBINATION,SEEN,glm47,F,U,[4],"[0, 1, 36, 37]","[1, 21]"
Reviewer2,R-C81B33D485C440,P-PX11_D3_ATTR_FLAT-CONTROL_FLOW-SEEN-glm47,PX11_D3_ATTR_FLAT-CONTROL_FLOW-SEEN,D3_ATTR_FLAT,CONTROL_FLOW,SEEN,glm47,F,U,[4],"[0, 50, 51]","[1, 27]"
Reviewer2,R-C8321259F321BA,P-PX08_C8_ATTR_NESTED-ATTRIBUTE_COMBINATION-HELDOUT-glm5,PX08_C8_ATTR_NESTED-ATTRIBUTE_COMBINATION-HELDOUT,C8_ATTR_NESTED,ATTRIBUTE_COMBINATION,HELDOUT,glm5,F,U,[4],"[0, 1, 36, 37]","[1, 21]"
Reviewer2,R-C8D536C8A77901,P-PX06_C6_VERIFY_JOIN-ATTRIBUTE_COMBINATION-SEEN-glm47,PX06_C6_VERIFY_JOIN-ATTRIBUTE_COMBINATION-SEEN,C6_VERIFY_JOIN,ATTRIBUTE_COMBINATION,SEEN,glm47,F,U,[4],"[0, 1, 9]","[1, 6]"
Reviewer2,R-CAECDA041FCB56,P-PX16_D8_ALLOCATION-ATTRIBUTE_COMBINATION-SEEN-glm5,PX16_D8_ALLOCATION-ATTRIBUTE_COMBINATION-SEEN,D8_ALLOCATION,ATTRIBUTE_COMBINATION,SEEN,glm5,F,C,"[6, 11, 45, 46, 66, 72]","[0, 1, 2, 3, 15, 16]","[1, 2, 9]"
Reviewer2,R-CED1E337157AF8,P-PX02_C2_DUAL_RESOURCE-CONTROL_FLOW-SEEN-glm47,PX02_C2_DUAL_RESOURCE-CONTROL_FLOW-SEEN,C2_DUAL_RESOURCE,CONTROL_FLOW,SEEN,glm47,F,NA,[4],"[0, 47]","[1, 25]"
Reviewer2,R-D0DD3D5E617D36,P-PX04_C4_ALLOCATION-ATTRIBUTE_COMBINATION-SEEN-glm5,PX04_C4_ALLOCATION-ATTRIBUTE_COMBINATION-SEEN,C4_ALLOCATION,ATTRIBUTE_COMBINATION,SEEN,glm5,F,V,[],"[21, 22, 23]","[12, 13]"
Reviewer2,R-D24C6123DC0D7E,P-PX15_D7_BUFFER_PREFETCH-ATTRIBUTE_COMBINATION-HELDOUT-glm5,PX15_D7_BUFFER_PREFETCH-ATTRIBUTE_COMBINATION-HELDOUT,D7_BUFFER_PREFETCH,ATTRIBUTE_COMBINATION,HELDOUT,glm5,F,NA,[6],"[0, 1]","[1, 15]"
Reviewer2,R-D82F40075486D0,P-PX11_D3_ATTR_FLAT-ATTRIBUTE_COMBINATION-HELDOUT-glm47,PX11_D3_ATTR_FLAT-ATTRIBUTE_COMBINATION-HELDOUT,D3_ATTR_FLAT,ATTRIBUTE_COMBINATION,HELDOUT,glm47,F,U,[4],"[0, 1, 51, 52]","[1, 28]"
Reviewer2,R-D943CACE1D0F42,P-PX15_D7_BUFFER_PREFETCH-CONTROL_FLOW-HELDOUT-glm5,PX15_D7_BUFFER_PREFETCH-CONTROL_FLOW-HELDOUT,D7_BUFFER_PREFETCH,CONTROL_FLOW,HELDOUT,glm5,F,U,[90],[0],"[1, 41]"
Reviewer2,R-DB4915CD4DE265,P-PX09_D1_OBSERVATION-CONTROL_FLOW-HELDOUT-glm47,PX09_D1_OBSERVATION-CONTROL_FLOW-HELDOUT,D1_OBSERVATION,CONTROL_FLOW,HELDOUT,glm47,F,V,[],"[15, 17, 24, 26]","[9, 13]"
Reviewer2,R-DE0AE9163F7C46,P-PX10_D2_EVENT-CONTROL_FLOW-SEEN-glm47,PX10_D2_EVENT-CONTROL_FLOW-SEEN,D2_EVENT,CONTROL_FLOW,SEEN,glm47,F,NA,[4],"[0, 53]","[1, 29]"
Reviewer2,R-DE2FEA6EA9693A,P-PX13_D5_FRESHNESS-CONTROL_FLOW-SEEN-glm5,PX13_D5_FRESHNESS-CONTROL_FLOW-SEEN,D5_FRESHNESS,CONTROL_FLOW,SEEN,glm5,F,V,[],"[7, 9]",[5]
Reviewer2,R-E1F5664E03D194,P-PX01_C1_BUFFER-ATTRIBUTE_COMBINATION-HELDOUT-glm5,PX01_C1_BUFFER-ATTRIBUTE_COMBINATION-HELDOUT,C1_BUFFER,ATTRIBUTE_COMBINATION,HELDOUT,glm5,F,NA,[5],"[0, 1]","[1, 16]"
Reviewer2,R-E2C4412883957A,P-PX02_C2_DUAL_RESOURCE-ATTRIBUTE_COMBINATION-HELDOUT-glm5,PX02_C2_DUAL_RESOURCE-ATTRIBUTE_COMBINATION-HELDOUT,C2_DUAL_RESOURCE,ATTRIBUTE_COMBINATION,HELDOUT,glm5,F,NA,[4],"[0, 1, 46, 47]","[1, 25]"
Reviewer2,R-E76C4546762796,P-PX11_D3_ATTR_FLAT-CONTROL_FLOW-HELDOUT-glm47,PX11_D3_ATTR_FLAT-CONTROL_FLOW-HELDOUT,D3_ATTR_FLAT,CONTROL_FLOW,HELDOUT,glm47,F,U,[4],[0],"[1, 19]"
Reviewer2,R-E8AA491AC91A76,P-PX07_C7_ATTR_FLAT-CONTROL_FLOW-SEEN-glm5,PX07_C7_ATTR_FLAT-CONTROL_FLOW-SEEN,C7_ATTR_FLAT,CONTROL_FLOW,SEEN,glm5,F,V,"[38, 64]",[],[18]
Reviewer2,R-EBD33136EDB6F3,P-PX13_D5_FRESHNESS-CONTROL_FLOW-HELDOUT-glm5,PX13_D5_FRESHNESS-CONTROL_FLOW-HELDOUT,D5_FRESHNESS,CONTROL_FLOW,HELDOUT,glm5,F,V,[],"[5, 6]",[4]
Reviewer2,R-EE290175FB6F32,P-PX01_C1_BUFFER-CONTROL_FLOW-HELDOUT-glm47,PX01_C1_BUFFER-CONTROL_FLOW-HELDOUT,C1_BUFFER,CONTROL_FLOW,HELDOUT,glm47,F,U,[4],[0],"[1, 25]"
Reviewer2,R-EE5D6B3AF899E7,P-PX14_D6_RESOURCE_SPAN-CONTROL_FLOW-SEEN-glm47,PX14_D6_RESOURCE_SPAN-CONTROL_FLOW-SEEN,D6_RESOURCE_SPAN,CONTROL_FLOW,SEEN,glm47,F,NA,[4],"[0, 39]","[1, 21]"
Reviewer2,R-F3EFBDC6B0F4BA,P-PX09_D1_OBSERVATION-ATTRIBUTE_COMBINATION-HELDOUT-glm47,PX09_D1_OBSERVATION-ATTRIBUTE_COMBINATION-HELDOUT,D1_OBSERVATION,ATTRIBUTE_COMBINATION,HELDOUT,glm47,F,V,"[59, 64, 72]","[20, 21]",[11]
Reviewer2,R-F42E42EE4BDD51,P-PX10_D2_EVENT-ATTRIBUTE_COMBINATION-SEEN-glm5,PX10_D2_EVENT-ATTRIBUTE_COMBINATION-SEEN,D2_EVENT,ATTRIBUTE_COMBINATION,SEEN,glm5,F,NA,[59],"[0, 1]","[1, 19]"
Reviewer2,R-F4E2D1D2BB801B,P-PX04_C4_ALLOCATION-ATTRIBUTE_COMBINATION-SEEN-glm47,PX04_C4_ALLOCATION-ATTRIBUTE_COMBINATION-SEEN,C4_ALLOCATION,ATTRIBUTE_COMBINATION,SEEN,glm47,F,C,"[35, 36, 49, 60]","[5, 6, 7, 8, 11, 12]","[4, 5, 7]"
Reviewer2,R-F656A966EB0A44,P-PX09_D1_OBSERVATION-CONTROL_FLOW-HELDOUT-glm5,PX09_D1_OBSERVATION-CONTROL_FLOW-HELDOUT,D1_OBSERVATION,CONTROL_FLOW,HELDOUT,glm5,F,V,[],"[22, 23]",[12]
Reviewer2,R-F6F83D83D880FB,P-PX14_D6_RESOURCE_SPAN-ATTRIBUTE_COMBINATION-SEEN-glm47,PX14_D6_RESOURCE_SPAN-ATTRIBUTE_COMBINATION-SEEN,D6_RESOURCE_SPAN,ATTRIBUTE_COMBINATION,SEEN,glm47,F,NA,[4],"[0, 1, 43]","[1, 23]"
Reviewer2,R-FC538F3CB35154,P-PX04_C4_ALLOCATION-CONTROL_FLOW-HELDOUT-glm47,PX04_C4_ALLOCATION-CONTROL_FLOW-HELDOUT,C4_ALLOCATION,CONTROL_FLOW,HELDOUT,glm47,F,C,"[24, 25, 52, 68]","[0, 1, 2, 3, 9, 10]","[1, 2, 6]"
Reviewer2,R-FFE7C37E1DD5AF,P-PX02_C2_DUAL_RESOURCE-ATTRIBUTE_COMBINATION-HELDOUT-glm47,PX02_C2_DUAL_RESOURCE-ATTRIBUTE_COMBINATION-HELDOUT,C2_DUAL_RESOURCE,ATTRIBUTE_COMBINATION,HELDOUT,glm47,F,NA,[4],"[0, 1, 42, 43]","[1, 23]"
